Model,Prompt Type,Accuracy,Precision,Recall,F1 Score,Avg Input Tokens,Avg Output Tokens,Avg Total Tokens,Avg Time (s),Throughput (examples/min),Cost per Example ($),Total Cost ($)
gpt-3.5-turbo,few-shot,0.38,0.33079365079365075,0.38,0.3058803418803419,1281.98,3.5,1285.48,0.47307185649871825,126.83062662841489,0.00192997,0.0964985
gpt-3.5-turbo,zero-shot,0.16,0.22166666666666665,0.16,0.18284912280701754,178.98,3.78,182.76,0.451011438369751,133.0343199650968,0.00027602999999999997,0.013801499999999998
gpt-4-turbo,few-shot,0.4,0.45939682539682536,0.4,0.3986143540669856,1281.98,3.62,1285.6,0.8573867797851562,69.9800853181277,0.012928400000000001,0.6464200000000001
gpt-4-turbo,zero-shot,0.28,0.32205882352941173,0.28,0.24738348286174372,178.98,3.94,182.92,1.1528735589981078,52.04386858533068,0.001908,0.0954
gpt-4o,few-shot,0.42,0.40595238095238095,0.42,0.37725165165165164,1266.46,3.56,1270.02,0.6710337352752686,89.41428254033616,0.012771400000000002,0.6385700000000001
gpt-4o,zero-shot,0.44,0.4242690058479532,0.44,0.39874042145593874,178.46,3.4,181.86,0.5162790203094483,116.21622734938384,0.0018866,0.09433
